City_ID,City,Lat,Lng,Max Temp,Humidity,Cloudiness,Wind Speed,Country,Date
0,utrik,11.2278,169.8474,300.59,78,98,10.34,MH,1701925936
1,tupa,-21.9347,-50.5136,298.11,65,32,1.58,BR,1701925936
2,blackmans bay,-43.0167,147.3167,296.22,57,100,0.45,AU,1701925936
3,puerto natales,-51.7236,-72.4875,277.45,92,0,1.93,CL,1701925850
4,papatowai,-46.5619,169.4708,286.95,56,97,6.12,NZ,1701925937
5,bethel,41.3712,-73.414,272.87,73,0,1.54,US,1701925810
6,waitangi,-43.9535,-176.5597,287.49,93,100,4.02,NZ,1701925937
7,invercargill,-46.4,168.35,286.52,62,98,7.01,NZ,1701925938
8,port mathurin,-19.6833,63.4167,299.41,75,6,3.9,MU,1701925938
9,ulladulla,-35.35,150.4667,297.08,68,47,3.52,AU,1701925938
10,puerto ayora,-0.7393,-90.3518,297.12,86,92,3.33,EC,1701925939
11,port alfred,-33.5906,26.891,293.81,86,42,2.24,ZA,1701925939
12,lebu,-37.6167,-73.65,284.78,93,7,6.78,CL,1701925939
13,thief river falls,48.1191,-96.1812,271.68,93,20,2.06,US,1701925940
14,qaqortoq,60.7167,-46.0333,274.55,60,100,4.97,GL,1701925889
15,saipan,15.1355,145.701,301.54,83,40,4.63,MP,1701925941
16,albany,42.6001,-73.9662,270.17,79,33,3.8,US,1701925941
17,constantia,44.1833,28.65,275.53,89,100,7.93,RO,1701925773
18,hermanus,-34.4187,19.2345,291.77,79,5,4.47,ZA,1701925942
19,sweet home,44.3976,-122.7362,282.27,82,100,1.34,US,1701925942
20,malango,-2.9627,119.9001,299.62,71,100,1.09,ID,1701925943
21,adamstown,-25.066,-130.1015,295.8,82,54,6.15,PN,1701925872
22,aasiaat,68.7098,-52.8699,266.14,82,70,6.23,GL,1701925944
23,ushuaia,-54.8,-68.3,276.16,93,95,8.94,AR,1701925944
24,selibaby,15.159,-12.1829,295.35,15,36,4.56,MR,1701925944
25,port-aux-francais,-49.35,70.2167,277.78,81,100,8.48,TF,1701925944
26,grytviken,-54.2811,-36.5092,272.36,83,52,10.12,GS,1701925945
27,edinburgh of the seven seas,-37.0676,-12.3116,287.25,79,15,6.35,SH,1701925858
28,sitka,57.0531,-135.33,278.09,75,75,4.12,US,1701925945
29,motueka,-41.1333,173.0167,291.94,60,2,4.12,NZ,1701925871
30,asbestos,45.7668,-71.9324,262.13,99,100,1.68,CA,1701925946
31,longyearbyen,78.2186,15.6401,269.06,63,20,10.29,SJ,1701925946
32,tikrit,34.6071,43.6782,288.76,45,21,2.16,IQ,1701925946
33,olonkinbyen,70.9221,-8.7187,268.88,87,100,7.46,SJ,1701925924
34,carnarvon,-24.8667,113.6333,299.78,54,0,8.76,AU,1701925947
35,manturovo,58.3353,44.7619,254.14,99,82,1.19,RU,1701925947
36,iqaluit,63.7506,-68.5145,262.58,96,90,3.42,CA,1701925947
37,sambava,-14.2667,50.1667,300.38,63,35,2.96,MG,1701925948
38,berbera,10.4396,45.0143,298.64,65,10,2.73,SO,1701925948
39,troitskoye,52.9821,84.6757,258.48,89,100,5.81,RU,1701925948
40,bredasdorp,-34.5322,20.0403,291.53,84,14,3.0,ZA,1701925949
41,dryden,49.7833,-92.7503,268.75,97,24,1.73,CA,1701925949
42,barah,13.7,30.3667,291.77,23,95,4.44,SD,1701925949
43,west island,-12.1568,96.8225,302.14,74,40,4.63,CC,1701925949
44,tazovsky,67.4667,78.7,251.94,96,100,6.65,RU,1701925950
45,hammerfest,70.6634,23.6821,267.4,68,43,9.77,NO,1701925950
46,nova sintra,14.8667,-24.7167,294.63,70,97,6.55,CV,1701925950
47,hawaiian paradise park,19.5933,-154.9731,295.39,92,75,2.06,US,1701925950
48,ulanhot,46.0833,122.0833,265.73,45,59,2.77,CN,1701925950
49,quelimane,-17.8786,36.8883,300.67,65,26,3.14,MZ,1701925817
50,touros,-5.1989,-35.4608,299.09,80,65,5.02,BR,1701925951
51,nadym,65.5333,72.5167,242.45,96,94,3.88,RU,1701925951
52,hamilton,39.1834,-84.5333,274.1,86,20,3.09,US,1701925839
53,cabo san lucas,22.8909,-109.9124,297.32,72,7,0.45,MX,1701925952
54,dudinka,69.4058,86.1778,250.75,97,100,4.47,RU,1701925952
55,nogliki,51.8333,143.1667,272.78,88,100,0.89,RU,1701925952
56,minas de marcona,-15.2119,-75.1103,287.32,88,99,4.7,PE,1701925953
57,ust-nera,64.5667,143.2,227.75,92,66,0.72,RU,1701925953
58,antsiranana,-12.2787,49.2917,301.53,61,56,5.69,MG,1701925953
59,thompson,55.7435,-97.8558,265.44,97,22,2.17,CA,1701925953
60,axim,4.8699,-2.2405,298.88,83,41,2.07,GH,1701925954
61,sosnovka,56.255,51.2842,242.88,100,63,0.53,RU,1701925954
62,rimouski,48.4488,-68.524,265.52,85,91,1.58,CA,1701925682
63,kirakira,-10.4544,161.9205,299.48,89,98,5.53,SB,1701925954
64,pangody,65.85,74.4859,245.08,97,100,4.24,RU,1701925955
65,trondheim,63.4305,10.3951,269.2,66,100,2.55,NO,1701925955
66,fale old settlement,-9.3852,-171.2468,302.43,73,80,3.12,TK,1701925955
67,papao,-17.75,-149.55,297.96,90,100,9.89,PF,1701925955
68,praia da vitoria,38.7333,-27.0667,288.57,88,64,4.09,PT,1701925956
69,mingshui,36.7167,117.5,290.12,21,0,4.93,CN,1701925956
70,kapuskasing,49.4169,-82.4331,268.35,95,100,2.94,CA,1701925956
71,puerto baquerizo moreno,-0.9,-89.6,296.81,86,73,4.69,EC,1701925956
72,mariental,-24.6333,17.9667,297.23,22,73,4.25,NA,1701925957
73,petropavlovsk-kamchatsky,53.0452,158.6483,267.48,72,20,2.24,RU,1701925957
74,anadyr,64.75,177.4833,253.43,77,75,13.0,RU,1701925957
75,ocean pines,38.3954,-75.1557,275.38,79,0,1.54,US,1701925957
76,tiksi,71.6872,128.8694,243.77,98,98,3.6,RU,1701925958
77,crane,31.3974,-102.3501,286.28,67,100,7.9,US,1701925958
78,luebo,-5.35,21.4167,294.37,99,100,0.54,CD,1701925958
79,atafu village,-8.5421,-172.5159,302.64,72,48,3.38,TK,1701925959
80,antonio enes,-16.2325,39.9086,300.6,67,3,3.95,MZ,1701925959
81,coronel suarez,-37.4547,-61.9334,286.49,91,73,3.41,AR,1701925959
82,yaren,-0.5472,166.916,300.48,85,100,7.59,NR,1701925959
83,ingeniero jacobacci,-41.3427,-69.5448,289.97,43,46,4.28,AR,1701925960
84,afaahiti,-17.75,-149.2833,297.07,90,100,8.59,PF,1701925960
85,mount pleasant,32.7941,-79.8626,280.93,76,0,1.34,US,1701925743
86,georgetown,5.4112,100.3354,305.9,62,20,2.06,MY,1701925705
87,francisco sa,-16.4758,-43.4883,294.71,58,1,4.12,BR,1701925961
88,wailua homesteads,22.0669,-159.378,299.39,87,20,5.14,US,1701925933
89,fortaleza,-3.7227,-38.5247,302.08,69,40,4.63,BR,1701925720
90,tromso,69.6496,18.957,269.16,63,20,9.77,NO,1701925961
91,niafunke,15.9322,-3.9906,295.09,17,0,4.48,ML,1701925961
92,ore,6.7457,4.8775,296.6,98,99,0.3,NG,1701925962
93,kodiak,57.79,-152.4072,275.88,52,0,7.2,US,1701925876
94,saldanha,-33.0117,17.9442,290.98,84,0,4.23,ZA,1701925962
95,yellowknife,62.456,-114.3525,265.44,93,100,2.06,CA,1701925962
96,queenstown,-31.8976,26.8753,289.03,84,92,1.27,ZA,1701925963
97,fukuecho,32.6881,128.8419,286.18,50,5,5.57,JP,1701925755
98,margaret river,-33.95,115.0667,293.43,54,100,7.49,AU,1701925963
99,sidhi,24.4167,81.8833,290.97,90,100,4.12,IN,1701925963
100,reque,-6.8656,-79.8178,293.18,88,0,7.2,PE,1701925964
101,deqen,29.9618,90.7188,276.72,33,97,0.74,CN,1701925964
102,codrington,-38.2667,141.9667,292.95,44,58,6.22,AU,1701925964
103,katsuura,35.1333,140.3,290.37,55,0,15.68,JP,1701925964
104,jalai nur,49.45,117.7,255.56,86,92,2.66,CN,1701925964
105,mogadishu,2.0371,45.3438,299.53,71,42,6.92,SO,1701925965
106,kinkala,-4.3614,14.7644,293.5,97,69,0.69,CG,1701925965
107,nizhneangarsk,55.7833,109.55,252.6,79,99,4.47,RU,1701925965
108,verkhovazh'ye,60.7472,42.0465,258.23,97,95,1.4,RU,1701925965
109,ribeira grande,38.5167,-28.7,288.58,83,66,0.45,PT,1701925966
110,karratha,-20.7377,116.8463,312.71,25,7,4.66,AU,1701925966
111,kenai,60.5544,-151.2583,264.9,92,0,2.06,US,1701925966
112,hadibu,12.65,54.0333,298.51,68,91,6.66,YE,1701925967
113,tisul',55.7611,88.3122,252.46,93,100,4.12,RU,1701925967
114,khandyga,62.6667,135.6,233.41,94,98,1.04,RU,1701925967
115,talnakh,69.4865,88.3972,248.78,99,100,3.12,RU,1701925848
116,lompoc,34.6391,-120.4579,286.55,84,100,0.45,US,1701925968
117,toamasina,-18.1667,49.3833,301.15,74,40,3.6,MG,1701925968
118,carutapera,-1.195,-46.02,299.41,85,65,3.24,BR,1701925968
119,college,64.8569,-147.8028,260.12,82,100,2.06,US,1701925968
120,abu zabad,12.35,29.25,292.37,23,60,5.41,SD,1701925969
121,hithadhoo,-0.6,73.0833,300.64,80,62,4.31,MV,1701925969
122,fort st. john,56.2499,-120.8529,268.1,93,4,1.5,CA,1701925969
123,biltine,14.5333,20.9167,293.0,16,19,3.57,TD,1701925970
124,fisterra,42.9049,-9.2629,287.6,95,100,17.14,ES,1701925970
125,namtsy,62.7161,129.6658,231.58,95,100,0.75,RU,1701925970
126,klyuchi,52.2667,79.1667,258.64,65,100,6.14,RU,1701925970
127,port elizabeth,-33.918,25.5701,294.32,79,36,2.63,ZA,1701925971
128,chonglong,29.7806,104.8522,290.48,58,2,1.13,CN,1701925971
129,dzuunharaa,48.8523,106.4579,274.91,78,100,3.14,MN,1701925971
130,senanga,-16.1167,23.2667,298.88,43,65,2.4,ZM,1701925971
131,curuan,7.2053,122.2331,302.94,70,98,2.88,PH,1701925972
132,micheweni,-4.9667,39.8333,301.51,76,57,3.05,TZ,1701925972
133,narwana,29.6167,76.1167,294.27,28,0,1.08,IN,1701925865
134,avarua,-21.2078,-159.775,298.18,83,75,7.2,CK,1701925972
135,nichinan,31.6,131.3667,289.39,41,0,3.83,JP,1701925973
136,al jawf,29.5,38.75,287.02,60,2,2.4,SA,1701925973
137,broken arrow,36.0526,-95.7908,284.75,58,0,7.72,US,1701925973
138,sinop,41.7711,34.8709,283.39,79,100,3.73,TR,1701925736
139,hasaki,35.7333,140.8333,293.31,45,0,13.78,JP,1701925974
140,songling,31.1933,120.7176,292.78,21,0,4.08,CN,1701925974
141,baran,25.1,76.5167,294.17,44,69,3.38,IN,1701925974
142,cuauhtemoc,28.4167,-106.8667,281.42,55,99,2.4,MX,1701925876
143,chake chake,-5.2459,39.7666,301.22,77,47,2.54,TZ,1701925975
144,namibe,-15.1961,12.1522,295.99,88,100,1.31,AO,1701925975
145,jamestown,42.097,-79.2353,273.92,98,75,3.09,US,1701925802
146,hinton,53.4001,-117.5857,271.54,97,100,0.81,CA,1701925975
147,mount isa,-20.7333,139.5,311.02,22,40,5.14,AU,1701925976
148,las tablas,7.7667,-80.2833,299.36,99,81,6.19,PA,1701925976
149,berber,18.0216,33.983,294.25,25,11,5.1,SD,1701925976
150,kapa'a,22.0752,-159.319,300.14,87,20,5.14,US,1701925977
151,yuzhno-kurilsk,44.0306,145.8556,280.58,84,100,10.74,RU,1701925977
152,massawa,15.6097,39.45,300.51,66,18,1.46,ER,1701925977
153,usinsk,65.9939,57.5281,242.08,99,93,1.79,RU,1701925977
154,vila franca do campo,37.7167,-25.4333,291.42,99,100,3.75,PT,1701925978
155,udachny,66.4167,112.4,248.22,99,100,0.64,RU,1701925853
156,tolanaro,-25.0319,46.9987,297.57,70,96,5.89,MG,1701925978
157,ponta delgada,37.7333,-25.6667,291.59,82,40,4.63,PT,1701925978
158,westport,41.1415,-73.3579,274.44,71,0,2.06,US,1701925978
159,fortuna,40.5982,-124.1573,283.34,94,75,0.45,US,1701925979
160,maxixe,-23.8597,35.3472,297.97,74,95,4.49,MZ,1701925979
161,ulsteinvik,62.3432,5.8487,275.55,73,84,1.79,NO,1701925979
162,akureyri,65.6835,-18.0878,262.08,88,6,2.75,IS,1701925980
163,uturoa,-16.7333,-151.4333,298.73,84,100,5.29,PF,1701925980
164,mon,26.75,95.1,296.02,52,97,1.5,IN,1701925980
165,abepura,-2.6333,140.5833,303.6,62,20,6.17,ID,1701925980
166,kyren,51.6828,102.1408,270.9,55,96,3.13,RU,1701925980
167,brisas de zicatela,15.8369,-97.0419,299.46,66,96,1.64,MX,1701925981
168,bilibino,68.0546,166.4372,241.43,100,100,1.44,RU,1701925981
169,saynshand,44.8824,110.1163,273.22,71,12,5.68,MN,1701925981
170,punta arenas,-53.15,-70.9167,280.21,81,0,9.26,CL,1701925982
171,brookings,44.3114,-96.7984,277.66,69,0,2.57,US,1701925864
172,suva,-18.1416,178.4415,301.86,74,75,3.09,FJ,1701925983
173,ilulissat,69.2167,-51.1,274.16,47,74,6.69,GL,1701925983
174,alice springs,-23.7,133.8833,310.9,22,40,6.17,AU,1701925793
175,gazojak,41.1875,61.4036,276.04,42,100,8.12,TM,1701925987
176,the pas,53.8251,-101.2541,268.52,92,96,2.04,CA,1701925988
177,horsham,51.064,-0.3272,281.24,94,75,3.09,GB,1701925988
178,sierra grande,-41.606,-65.3557,287.16,90,60,2.48,AR,1701925988
179,st. john's,47.5649,-52.7093,269.2,90,86,1.79,CA,1701925783
180,tari,12.4086,4.4914,293.21,17,31,4.41,NG,1701925993
181,altai,46.3722,96.2583,269.21,69,97,15.48,MN,1701925993
182,tura,25.5198,90.2201,291.98,84,100,0.41,IN,1701925772
183,stanley,54.868,-1.6985,276.91,86,75,3.09,GB,1701925999
184,tadine,-21.55,167.8833,297.74,65,100,7.53,NC,1701925999
185,dolbeau-mistassini,48.8763,-72.212,258.57,96,66,2.51,CA,1701925720
186,es castell,39.8795,4.2854,283.53,87,40,2.06,ES,1701926000
187,isafjordur,66.0755,-23.124,270.65,81,33,2.95,IS,1701926000
188,ponte de lima,41.7672,-8.5839,286.22,96,100,3.12,PT,1701926001
189,roses,42.262,3.1769,277.05,87,8,1.67,ES,1701926006
190,iskateley,67.6803,53.1512,257.63,97,100,3.5,RU,1701926008
191,kuanda,56.3161,116.0806,245.37,89,64,0.56,RU,1701926009
192,port lincoln,-34.7333,135.8667,294.63,53,100,3.06,AU,1701926009
193,susuman,62.7833,148.1667,229.25,96,93,0.45,RU,1701926009
194,moires,35.0532,24.8744,287.57,75,100,4.47,GR,1701926010
195,sola,-13.8833,167.55,300.49,82,89,7.39,VU,1701926010
196,kilindoni,-7.9139,39.6668,300.48,81,93,1.9,TZ,1701926011
197,mata-utu,-13.2816,-176.1745,301.68,78,94,6.03,WF,1701926011
198,esil,51.9556,66.4042,248.08,98,31,2.36,KZ,1701926011
199,chernyshevskiy,63.0128,112.4714,233.52,99,87,0.27,RU,1701926012
200,haslev,55.3235,11.9639,274.11,99,100,1.09,DK,1701926012
201,salinopolis,-0.6136,-47.3561,300.37,83,83,5.15,BR,1701925895
202,souillac,-20.5167,57.5167,300.0,75,41,4.07,MU,1701926013
203,howard springs,-12.497,131.047,308.14,65,34,2.88,AU,1701926013
204,benjamin constant,-4.3831,-70.0311,298.22,99,98,0.68,BR,1701926014
205,al qusayr,34.5091,36.5798,286.06,73,100,1.88,SY,1701926014
206,bogorodsk,56.1033,43.5158,256.79,100,44,1.17,RU,1701926014
207,gobo,33.8833,135.15,286.48,53,20,12.79,JP,1701926015
208,ascension,30.2169,-90.9001,279.83,91,0,0.0,US,1701926015
209,vilyuchinsk,52.9306,158.4028,268.3,78,2,1.54,RU,1701926016
210,arraial do cabo,-22.9661,-42.0278,296.82,92,36,10.63,BR,1701926016
211,wladyslawowo,54.7909,18.4009,270.9,88,100,5.1,PL,1701926016
212,jackson,42.4165,-122.8345,281.08,91,75,1.54,US,1701926017
213,kisanga,-7.4362,37.7034,299.54,81,96,0.12,TZ,1701926017
214,akonolinga,3.7667,12.25,292.79,98,76,0.49,CM,1701926018
215,saint-philippe,-21.3585,55.7679,300.92,74,32,3.26,RE,1701926018
216,el nido,11.1858,119.3956,302.37,74,84,4.61,PH,1701926018
217,kyzyl,51.7,94.45,262.6,97,88,1.34,RU,1701926019
218,salalah,17.0151,54.0924,299.2,44,0,5.66,OM,1701926019
219,burela de cabo,43.65,-7.4,285.16,83,100,8.02,ES,1701926020
220,kembe,4.6228,21.8865,294.96,95,100,0.41,CF,1701925883
221,nagqu,31.5,92.0,264.76,60,6,1.03,CN,1701926021
222,luderitz,-26.6481,15.1594,290.0,80,14,3.25,NA,1701926021
223,moyale,3.5167,39.0584,295.67,42,0,3.16,KE,1701926021
224,qamdo,31.1667,97.2333,270.37,28,35,0.48,CN,1701926022
225,san luis de la loma,17.2706,-100.8939,299.07,74,99,1.91,MX,1701926022
226,baotou,40.6522,109.8222,277.84,30,0,2.49,CN,1701926023
227,muskegon,43.3,-86.1334,279.07,80,100,8.23,US,1701926023
228,murzuq,25.9155,13.9184,287.87,29,28,3.55,LY,1701926024
229,khovd,48.0056,91.6419,272.36,24,19,11.75,MN,1701926024
230,vikhorevka,56.1201,101.1636,243.28,71,100,2.6,RU,1701926025
231,dul'durga,50.6761,113.5931,258.24,88,100,2.16,RU,1701926025
232,thinadhoo,0.5333,72.9333,300.9,77,100,2.4,MV,1701926025
233,vorgashor,67.5833,63.95,245.6,99,95,1.72,RU,1701926026
234,greenville,35.6127,-77.3663,276.24,75,0,0.0,US,1701926026
235,villa gesell,-37.2639,-56.973,288.74,94,100,7.07,AR,1701926026
236,walvis bay,-22.9575,14.5053,288.76,81,12,2.73,NA,1701926029
237,tofol,5.3248,163.0078,301.07,80,62,9.53,FM,1701926030
238,gadzhiyevo,69.2551,33.3362,258.16,97,66,5.38,RU,1701926030
239,labrador city,52.9463,-66.9114,260.1,85,100,0.0,CA,1701926030
240,happy valley-goose bay,53.3168,-60.3315,261.78,88,90,2.2,CA,1701925816
241,thunder bay,48.4001,-89.3168,270.7,90,70,2.55,CA,1701925783
242,sao felix do xingu,-6.6447,-51.995,297.53,75,15,0.31,BR,1701926031
243,east end,34.5507,-92.341,279.09,89,0,2.3,US,1701926031
244,flying fish cove,-10.4217,105.6791,301.97,74,40,4.63,CX,1701926031
245,dosso,13.049,3.1937,293.56,17,26,4.44,NE,1701926032
246,nakamura,32.9833,132.9333,286.96,47,2,4.83,JP,1701925787
247,grootfontein,-19.5667,18.1167,295.26,59,85,3.47,NA,1701926033
248,ancud,-41.8697,-73.8203,282.28,91,49,1.14,CL,1701926033
249,lazaro cardenas,17.9583,-102.2,297.18,81,64,1.98,MX,1701926031
250,conde,-7.2597,-34.9075,297.85,88,40,1.54,BR,1701926034
251,kudahuvadhoo,2.6708,72.8944,300.73,78,98,4.2,MV,1701926034
252,chortoq,41.0666,71.8553,276.12,32,72,1.72,UZ,1701926034
253,sao jose da coroa grande,-8.8978,-35.1478,297.79,84,20,3.23,BR,1701926034
254,glace bay,46.1969,-59.957,272.57,84,91,4.47,CA,1701926035
255,lihue,21.9789,-159.3672,299.73,84,20,5.14,US,1701926035
256,remire-montjoly,4.9167,-52.2667,300.17,89,75,2.57,GF,1701926035
257,mittagong,-34.45,150.45,298.11,23,94,3.44,AU,1701926035
258,yelizovo,53.1873,158.3805,268.23,60,20,2.0,RU,1701926036
259,isla del bosque,22.7333,-105.85,296.7,63,86,0.55,MX,1701926036
260,licata,37.1071,13.9461,285.31,71,41,4.56,IT,1701926036
261,kourou,5.1552,-52.6478,300.18,92,36,2.8,GF,1701926036
262,la passe,45.5549,-0.8967,277.03,78,100,6.6,FR,1701926037
263,andergrove,-21.0833,149.1833,304.62,60,3,7.71,AU,1701926037
264,pattoki,31.0167,73.85,294.03,21,0,1.75,PK,1701926037
265,coahuayana de hidalgo,18.7,-103.6583,297.01,80,69,2.16,MX,1701926038
266,margate,51.3813,1.3862,279.32,85,100,4.92,GB,1701925979
267,yerofey pavlovich,53.9667,121.9667,250.33,67,63,1.22,RU,1701926038
268,bikenibeu village,1.3673,173.1241,300.93,81,99,6.08,KI,1701926038
269,zhanibek,49.4167,46.85,268.24,86,100,5.58,KZ,1701926039
270,tiwi,13.4667,123.6167,300.13,64,76,2.67,PH,1701926039
271,tsiombe,-25.3,45.4833,298.98,54,82,8.49,MG,1701926039
272,al ghayzah,16.2079,52.176,298.15,55,5,3.02,YE,1701926040
273,bonnyville,54.2668,-110.735,272.77,77,92,1.22,CA,1701926040
274,keyser,39.4409,-78.9739,275.51,75,37,0.89,US,1701926040
275,idri,27.5,13.2667,286.47,28,0,4.9,LY,1701926040
276,olavarria,-36.8927,-60.3225,287.51,97,47,2.26,AR,1701925896
277,badger,64.8,-147.5333,260.08,84,100,2.06,US,1701926041
278,keflavik,64.0049,-22.5624,276.1,64,0,9.26,IS,1701926041
279,kalevala,65.2,31.1667,250.42,100,100,0.89,RU,1701926042
280,eyl,7.9803,49.8164,298.93,50,77,9.08,SO,1701926042
281,mil'kovo,55.6078,37.7956,262.42,100,100,1.36,RU,1701926042
282,pimentel,-6.8367,-79.9342,293.31,88,0,7.2,PE,1701926043
283,fort bragg,35.139,-79.006,277.49,63,0,3.09,US,1701926043
284,tommot,58.9564,126.2925,241.76,91,100,1.86,RU,1701926044
285,beau vallon,-20.4189,57.6953,301.6,83,75,1.54,MU,1701926044
286,portland,45.5234,-122.6762,282.64,96,99,3.58,US,1701925447
287,dhidhdhoo,6.8833,73.1,301.13,79,99,3.54,MV,1701926045
288,cukai,4.25,103.4167,302.54,69,100,4.48,MY,1701925820
289,valencia,39.3333,-0.8333,281.71,77,76,3.48,ES,1701925949
290,puerto gaitan,4.3133,-72.0816,300.6,59,100,1.59,CO,1701926046
291,podporozh'ye,60.9112,34.1706,256.38,99,99,0.75,RU,1701926047
292,labytnangi,66.6572,66.4183,244.14,97,88,1.74,RU,1701926047
293,mahina,-17.5065,-149.489,298.01,94,75,9.26,PF,1701926048
294,makarska,43.2969,17.0178,280.34,69,32,5.1,HR,1701926048
295,bel ombre,-4.6167,55.4167,303.06,66,40,3.09,SC,1701926049
296,erdenet,49.0333,104.0833,274.14,55,54,8.73,MN,1701926049
297,ballina,-28.8667,153.5667,303.58,63,0,5.35,AU,1701926049
298,jutai,-5.1833,-68.9,295.3,99,99,0.51,BR,1701926050
299,san antonio de pale,-1.4014,5.6325,299.32,83,96,4.77,GQ,1701926050
300,tumbes,-3.5667,-80.4414,296.97,82,100,1.19,PE,1701926051
301,samtse,26.899,89.0995,296.73,49,98,2.63,BT,1701926052
302,iquitos,-3.7481,-73.2472,297.17,94,100,1.54,PE,1701926052
303,ankang,32.68,109.0172,288.58,40,0,1.37,CN,1701926052
304,gimbi,9.1667,35.8333,288.55,71,2,0.27,ET,1701926053
305,rauma,61.1272,21.5113,267.17,96,100,3.75,FI,1701926053
306,nizhneudinsk,54.9076,99.0276,253.75,91,100,4.51,RU,1701925795
307,nadvoitsy,63.8667,34.3167,252.39,99,95,1.06,RU,1701926054
308,berezovyy,51.6667,135.7,264.93,80,100,0.33,RU,1701926054
309,camocim,-2.9022,-40.8411,299.54,83,88,6.15,BR,1701926055
310,maragogi,-9.0122,-35.2225,297.58,85,16,3.06,BR,1701925961
311,valparaiso,-33.0393,-71.6273,285.95,100,75,0.0,CL,1701926055
312,christchurch,-43.5333,172.6333,289.44,58,75,9.77,NZ,1701925857
313,dalby,-27.1833,151.2667,310.9,17,0,7.36,AU,1701925848
314,ust'-ilimsk,58.0006,102.6619,236.73,91,19,1.79,RU,1701925855
315,ta`u,-14.2336,-169.5144,300.47,84,59,5.39,AS,1701926057
316,palmas,-10.2128,-48.3603,299.08,83,0,1.54,BR,1701925832
317,khlevnoye,52.1951,39.0932,266.16,96,91,3.3,RU,1701926058
318,hami,42.8,93.45,277.12,35,85,1.7,CN,1701926058
319,coron,11.9986,120.2043,302.92,69,72,4.67,PH,1701926058
320,nar'yan-mar,67.6713,53.087,257.84,97,100,3.59,RU,1701926059
321,san andres,12.5847,-81.7006,302.16,74,20,5.66,CO,1701926059
322,farafangana,-22.8167,47.8333,297.54,75,100,3.38,MG,1701926060
323,chico,39.7285,-121.8375,286.09,92,39,0.45,US,1701926060
324,maindargi,17.4667,76.3,298.22,60,74,1.51,IN,1701926060
325,lethem,3.3803,-59.7968,298.24,81,99,2.85,GY,1701926061
326,nguigmi,14.2495,13.1092,292.44,27,6,5.42,NE,1701926061
327,dakhla,23.6848,-15.958,293.29,65,100,6.22,EH,1701926062
328,sabha,27.0377,14.4283,287.59,34,2,4.51,LY,1701926062
329,benguela,-12.5763,13.4055,298.39,88,100,1.68,AO,1701926063
330,kolonia town,6.964,158.206,301.4,78,100,10.28,FM,1701926063
331,san sebastian de la gomera,28.0916,-17.1133,294.35,77,0,1.03,ES,1701926063
332,baiyin,36.5583,104.2081,281.84,17,0,5.22,CN,1701926064
333,port pirie,-33.1833,138.0167,305.07,34,98,5.86,AU,1701926064
334,simanggang,1.2472,111.4528,296.89,97,100,1.11,MY,1701925810
335,machali,-34.1833,-70.6667,291.33,36,0,1.03,CL,1701925914
336,severo-yeniseyskiy,60.3725,93.0408,240.69,87,39,0.45,RU,1701926065
337,nuku'alofa,-21.1333,-175.2,299.54,73,15,2.63,TO,1701926065
338,road town,18.4167,-64.6167,300.2,75,4,3.59,VG,1701926026
339,san julian,21.0167,-102.1667,284.66,88,99,1.53,MX,1701926066
340,fort-shevchenko,44.5086,50.263,275.14,66,100,11.5,KZ,1701926067
341,vavoua,7.3819,-6.4778,293.99,90,1,1.55,CI,1701926067
342,bayganin,48.6947,55.8742,266.85,62,100,3.56,KZ,1701926067
343,imbituba,-28.24,-48.6703,299.74,96,100,1.78,BR,1701926068
344,port macquarie,-31.4333,152.9167,299.76,68,8,4.28,AU,1701926068
345,sinjai,-5.1241,120.253,299.75,87,100,3.54,ID,1701926068
346,vadso,70.0744,29.7487,263.24,79,40,7.2,NO,1701926069
347,saoner,21.3833,78.9,294.07,81,100,2.52,IN,1701926069
348,quatre cocos,-20.2078,57.7625,301.53,75,48,4.71,MU,1701926070
349,dabakala,8.3667,-4.4333,295.71,47,5,1.4,CI,1701926070
350,mari-turek,56.7895,49.6235,242.64,100,55,1.52,RU,1701926070
351,dikhil,11.5,42.1667,294.95,62,34,5.52,DJ,1701926071
352,fada,9.5667,8.3,292.82,19,29,2.75,NG,1701926071
353,galle,6.0367,80.217,301.78,74,17,1.4,LK,1701926071
354,soure,-0.7167,-48.5233,299.19,88,89,4.08,BR,1701926072
355,argo,37.6333,22.7333,284.7,77,100,1.58,GR,1701926072
356,llallagua,-18.4167,-66.6333,281.07,72,100,1.98,BO,1701926073
357,selkirk,50.1436,-96.8845,275.47,82,45,0.45,CA,1701926073
358,nahiyat ash shinafiyah,31.5874,44.6602,292.17,36,55,1.1,IQ,1701926073
359,hunt valley,39.4998,-76.6411,275.46,67,6,0.45,US,1701926074
360,ghat,24.9647,10.1728,289.11,19,2,2.67,LY,1701926074
361,godfrey,38.9556,-90.1868,278.61,81,0,3.6,US,1701926074
362,cockburn town,21.4612,-71.1419,299.78,75,19,4.94,TC,1701925782
363,chonchi,-42.6128,-73.8092,281.71,93,32,1.28,CL,1701926075
364,weno,7.4515,151.8468,299.12,100,100,2.57,FM,1701926075
365,tostado,-29.232,-61.7692,292.58,85,94,3.01,AR,1701926076
366,richards bay,-28.783,32.0377,293.14,90,100,1.98,ZA,1701926077
367,shingu,33.7333,135.9833,287.24,52,2,6.34,JP,1701926077
368,klaksvik,62.2266,-6.589,278.66,74,35,12.33,FO,1701926077
369,east london,-33.0153,27.9116,293.67,83,0,3.6,ZA,1701926078
370,ishigaki,24.3448,124.1572,294.7,60,95,8.76,JP,1701926078
371,woolgoolga,-30.1106,153.2007,302.06,73,13,4.04,AU,1701926078
372,cambria,35.5641,-121.0808,287.27,97,64,0.45,US,1701926079
373,six-fours-les-plages,43.0938,5.84,281.18,56,5,3.46,FR,1701926080
374,arno,60.1167,18.6333,273.59,93,100,0.88,SE,1701925976
375,san jose del cabo,23.0589,-109.6977,297.31,78,0,3.6,MX,1701925820
376,rasony,55.9089,28.8126,257.8,97,85,2.46,BY,1701926081
377,aleksandrovskoye,44.7142,43.0008,273.19,96,100,6.57,RU,1701926081
378,south boston,42.3334,-71.0495,270.23,72,0,6.69,US,1701926082
379,santa isabel,-23.3156,-46.2214,296.76,82,30,1.16,BR,1701926082
380,murudeshwara,14.0943,74.4845,302.41,58,86,0.9,IN,1701926083
381,vorkuta,67.5,64.0,245.88,100,97,1.89,RU,1701926083
382,sitges,41.2351,1.8119,283.53,59,28,2.73,ES,1701926083
383,ocean shores,46.9737,-124.1563,281.45,98,40,0.0,US,1701925906
384,nasir,15.5894,32.5634,295.2,26,63,5.68,SD,1701926084
385,chibougamau,49.9168,-74.3659,259.94,85,100,0.0,CA,1701926084
386,jumla,29.2747,82.1838,287.58,14,0,1.91,NP,1701926085
387,qarqaraly,49.4058,75.4742,259.17,82,100,5.86,KZ,1701926085
388,toliara,-23.35,43.6667,300.99,59,7,6.58,MG,1701925978
389,abra pampa,-22.7205,-65.697,286.8,65,39,5.11,AR,1701926086
390,campbell river,50.0163,-125.2446,277.84,90,80,2.31,CA,1701926019
391,muzaffarabad,34.37,73.4711,291.67,19,0,1.34,PK,1701926086
392,faya-largeau,17.9257,19.1043,290.22,31,1,5.61,TD,1701926087
393,chinde,26.8418,88.0763,290.51,50,99,2.56,NP,1701926087
394,kavaratti,10.5669,72.642,301.11,71,99,3.91,IN,1701926087
395,bonthe,7.5264,-12.505,298.67,87,0,0.72,SL,1701926087
396,jinzhou,41.1078,121.1417,278.7,31,47,4.39,CN,1701926088
397,mangalia,43.8,28.5833,282.22,90,100,6.85,RO,1701926088
398,zaraza,9.3503,-65.3245,295.38,92,79,0.9,VE,1701926088
399,amga,60.8953,131.9608,238.32,95,99,1.19,RU,1701926089
400,lisala,2.15,21.5167,294.05,99,100,1.06,CD,1701926089
401,kidal,18.4411,1.4078,294.04,17,0,2.63,ML,1701926089
402,rundu,-17.9333,19.7667,299.0,44,84,1.67,NA,1701926089
403,ambalangoda,6.2355,80.0538,301.77,75,14,1.8,LK,1701926090
404,la'ie,21.6477,-157.9253,298.81,78,45,4.47,US,1701926090
405,rio grande,-32.035,-52.0986,292.56,95,90,3.58,BR,1701925891
406,barentu,15.1139,37.5928,295.69,50,43,1.18,ER,1701926091
407,saint-joseph,-21.3667,55.6167,300.36,72,30,3.4,RE,1701926092
408,awjilah,29.1081,21.2869,288.58,44,100,3.91,LY,1701926092
409,terenos,-20.4422,-54.8603,299.99,73,0,1.54,BR,1701925954
410,kralendijk,12.15,-68.2667,301.14,78,20,5.66,BQ,1701926093
411,lincheng,19.9078,109.6858,296.36,54,17,4.59,CN,1701926093
412,sekong,-6.3996,106.0252,303.98,62,100,1.33,ID,1701926093
413,fort campbell north,36.6543,-87.4606,274.18,69,0,0.0,US,1701925875
414,jayapura,-2.5333,140.7,303.81,75,93,4.82,ID,1701926094
415,amos,48.5669,-78.1162,259.51,95,100,1.85,CA,1701926094
416,trairi,-3.2778,-39.2689,300.45,73,67,5.84,BR,1701925836
417,barquisimeto,10.0739,-69.3228,293.32,90,78,0.46,VE,1701925804
418,horta,38.5333,-28.6333,288.16,82,70,0.89,PT,1701926095
419,kharkhorin,47.1975,102.8238,276.94,47,39,9.03,MN,1701926095
420,shilovo,54.3204,40.874,253.65,100,77,2.0,RU,1701926095
421,wajir,1.7471,40.0573,299.76,57,0,4.21,KE,1701926095
422,kimbe,-5.5502,150.1429,304.39,61,32,3.07,PG,1701926096
423,egersund,58.4513,5.9997,271.69,79,14,3.87,NO,1701926096
424,saudarkrokur,65.7461,-19.6394,266.78,59,1,2.79,IS,1701926096
425,itaituba,-4.2761,-55.9836,297.74,75,12,0.51,BR,1701925912
426,al burayqah,30.4062,19.5739,290.47,46,96,5.82,LY,1701926097
427,lubang,13.8584,120.124,301.19,77,93,5.87,PH,1701926097
428,taoudenni,22.6783,-3.9836,291.85,17,95,4.17,ML,1701926098
429,howrah,22.5892,88.3103,293.15,88,100,3.6,IN,1701926098
430,pionerskiy,54.9508,20.2275,271.06,85,100,5.89,RU,1701926099
431,termoli,41.9888,14.9895,280.81,70,29,8.59,IT,1701926099
432,nyurba,63.2842,118.3319,228.42,99,89,0.76,RU,1701926099
433,wuchuan,21.4571,110.7659,298.29,32,63,2.31,CN,1701926099
434,saint-francois,46.4154,3.9054,272.41,100,100,1.03,FR,1701926100
435,new norfolk,-42.7826,147.0587,296.88,29,100,3.12,AU,1701926100
436,okhotsk,59.3833,143.3,258.15,97,100,5.4,RU,1701926008
437,tazacorte,28.629,-17.9293,292.69,79,100,4.12,ES,1701926100
438,naberera,-4.2,36.9333,292.85,80,71,2.47,TZ,1701926101
439,teguise,29.0605,-13.564,288.27,77,0,3.09,ES,1701926101
440,madera,37.1666,-119.8343,288.69,81,90,1.58,US,1701926102
441,mascote,-15.5631,-39.3025,294.15,99,32,0.54,BR,1701926104
442,porbandar,21.6422,69.6093,300.14,39,0,5.14,IN,1701926104
443,bay roberts,47.5999,-53.2648,269.4,93,49,0.45,CA,1701926105
444,dingcheng,32.1272,115.0394,293.09,28,0,8.25,CN,1701926106
445,kitob,39.0843,66.8332,286.26,30,100,0.75,UZ,1701926107
446,deqing,30.5448,119.9599,292.72,29,0,3.72,CN,1701926107
447,mount pearl,47.5166,-52.7813,268.74,90,20,1.03,CA,1701926108
448,veraval,20.9,70.3667,299.84,49,0,4.83,IN,1701926108
449,aldinga beach,-35.2793,138.4604,305.52,36,100,4.25,AU,1701926109
450,metahara,8.9,39.9167,295.62,39,19,0.13,ET,1701926109
451,chu,43.5983,73.7614,274.86,49,100,2.38,KZ,1701925850
452,kodinsk,58.6881,99.1844,240.62,87,11,1.97,RU,1701926110
453,sterling,39.0062,-77.4286,275.87,66,0,5.66,US,1701926062
454,selfoss,63.9331,-20.9971,270.42,49,50,5.48,IS,1701926111
455,arar,30.9753,41.0381,286.16,67,0,3.6,SA,1701926112
456,san miguel de cauri,-10.1,-76.5833,281.02,92,100,1.42,PE,1701926112
457,balykchy,42.4557,76.1861,280.27,41,61,1.28,KG,1701926113
458,sakakah,29.9697,40.2064,286.91,52,2,2.82,SA,1701926114
459,nuuk,64.1835,-51.7216,279.49,33,98,8.75,GL,1701926114
460,gallup,35.5281,-108.7426,272.06,86,0,2.06,US,1701925970
461,boende,-0.2167,20.8667,294.52,99,100,0.79,CD,1701926115
462,sinabang,2.4803,96.3801,299.09,86,100,0.9,ID,1701926021
463,molochnoye,59.2917,39.6787,260.27,96,93,1.85,RU,1701926115
464,urengoy,65.9667,78.3667,247.92,95,100,4.97,RU,1701926116
465,atbasar,51.8,68.3333,249.55,94,9,3.09,KZ,1701926116
466,kerman,30.2832,57.0788,280.07,18,0,2.06,IR,1701926116
467,kolonia,50.9333,6.95,275.51,90,21,1.88,DE,1701926045
468,aras-asan,8.8908,126.3033,300.79,84,97,4.9,PH,1701926117
469,berdigestyakh,62.0989,126.6992,234.13,96,97,0.15,RU,1701926117
470,cole harbour,44.6724,-63.4751,268.13,87,91,0.89,CA,1701926118
471,kyaikkami,16.08,97.5675,302.88,65,11,1.82,MM,1701926118
472,outjo,-20.1167,16.15,296.07,54,49,2.13,NA,1701926118
473,las pedroneras,39.45,-2.6739,279.51,87,98,2.38,ES,1701926119
474,tangalle,6.024,80.7911,303.24,71,45,1.4,LK,1701926119
475,kovvur,17.0167,81.7333,302.29,84,75,2.06,IN,1701926120
476,ivdel',60.6911,60.4206,236.03,100,40,0.89,RU,1701926120
477,grand falls-windsor,48.9332,-55.6649,264.37,96,47,1.08,CA,1701926056
478,mandalgovi,45.7625,106.2708,274.76,51,42,9.3,MN,1701926121
479,belozersk,60.0326,37.7957,258.78,98,95,1.12,RU,1701926121
480,kasane,-17.8167,25.15,298.2,61,0,2.57,BW,1701926122
481,ebon,4.582,168.6964,301.22,79,91,9.15,MH,1701926122
482,enewetak,11.3474,162.3373,300.86,81,86,9.51,MH,1701926122
483,general villegas,-35.0328,-63.0125,287.15,90,15,2.61,AR,1701926123
484,rukungiri,-0.8411,29.9419,289.54,92,6,0.86,UG,1701926123
485,igarka,67.4667,86.5833,250.23,96,100,5.22,RU,1701926123
486,nynashamn,58.9034,17.9479,274.29,73,100,5.72,SE,1701926124
487,lerwick,60.1545,-1.1494,278.15,63,81,10.49,GB,1701926124
488,mtskheta,41.8451,44.7188,280.2,86,100,1.29,GE,1701926124
489,sarakhs,36.5449,61.1577,285.6,45,100,1.19,IR,1701926125
490,mar del plata,-38.0023,-57.5575,289.23,94,100,5.81,AR,1701926125
491,arteche,12.2645,125.4048,301.83,65,100,3.24,PH,1701926126
492,whitehorse,60.7161,-135.0538,271.58,80,100,6.69,CA,1701926126
493,loa janan,-0.583,117.095,300.92,87,100,1.28,ID,1701926126
494,zaozersk,69.4005,32.4476,254.55,99,77,2.93,RU,1701926127
495,guerrero negro,27.9769,-114.0611,291.76,75,0,3.97,MX,1701926127
496,back mountain,41.3359,-75.9963,271.67,69,85,2.29,US,1701926127
497,torghay,49.6339,63.4981,262.96,72,15,4.01,KZ,1701926128
498,kamaishi,39.2667,141.8833,286.52,64,61,9.05,JP,1701926128
499,naze,28.3667,129.4833,291.66,54,1,4.42,JP,1701926129
500,tocopilla,-22.092,-70.1979,291.92,75,7,2.41,CL,1701926129
501,opuwo,-18.0607,13.84,295.01,68,90,1.0,NA,1701926129
502,rudbar,30.15,62.6,290.1,24,40,1.43,AF,1701926130
503,nemuro,43.3236,145.575,281.96,96,100,12.19,JP,1701926130
504,illizi,26.4833,8.4667,283.04,28,0,0.88,DZ,1701926131
505,kapenguria,1.2511,35.0895,289.65,64,0,0.25,KE,1701926131
506,jabor,5.921,169.6434,301.13,81,20,9.1,MH,1701926131
507,juan de ayolas,-27.4,-56.9,296.52,94,27,0.91,PY,1701926132
508,beneditinos,-5.45,-42.3667,300.14,65,89,1.46,BR,1701926132
509,vallenar,-28.5708,-70.7581,292.4,46,0,0.45,CL,1701926132
510,krasnoslobodsk,48.7072,44.5714,269.05,86,40,8.0,RU,1701926133
511,constitucion,-35.3333,-72.4167,287.78,74,0,3.21,CL,1701925856
512,filipstad,59.7124,14.1683,266.64,95,100,1.48,SE,1701926133
513,kuta,-8.7233,115.1723,304.12,74,40,4.63,ID,1701926134
514,mossel bay,-34.1831,22.146,290.11,80,0,3.74,ZA,1701926134
515,ternate,0.8,127.4,303.03,69,37,3.71,ID,1701926134
516,eydhafushi,5.1033,73.0708,301.4,79,100,5.67,MV,1701926135
517,saint-pierre,-21.3393,55.4781,300.97,69,75,6.17,RE,1701926135
518,tralee,52.2704,-9.7026,282.71,93,100,4.53,IE,1701926135
519,borogontsy,62.6683,131.1683,232.96,95,99,0.59,RU,1701926136
520,santana,-0.0583,-51.1817,299.25,94,75,1.54,BR,1701926136
521,reggane,26.7158,0.1714,290.6,32,6,3.68,DZ,1701926137
522,smithers,54.7804,-127.1743,270.33,100,100,1.03,CA,1701926137
523,ciupercenii noi,43.9097,22.9483,276.8,96,100,3.45,RO,1701926138
524,midvagur,62.0511,-7.1939,278.61,70,40,9.26,FO,1701926138
525,guacamayas,18.0167,-102.2167,296.67,83,61,1.79,MX,1701926140
526,mafinga,-7.25,35.0667,294.4,84,100,2.54,TZ,1701926140
527,bardai,11.65,7.2333,290.76,18,16,4.2,NG,1701926140
528,chivhu,-19.0211,30.8922,288.83,78,54,4.33,ZW,1701926141
529,shira,54.4911,89.9531,257.56,69,100,3.48,RU,1701926141
530,flin flon,54.7682,-101.865,266.49,95,93,1.91,CA,1701926033
531,talcahuano,-36.7167,-73.1167,285.97,94,0,3.09,CL,1701926142
532,twentynine palms,34.1356,-116.0542,290.96,38,73,0.45,US,1701926142
533,totness,5.8833,-56.3167,298.39,91,65,4.67,SR,1701926142
534,oyama,36.3,139.8,293.05,31,0,4.53,JP,1701925922
535,bilozerka,46.6248,32.4425,274.33,87,100,6.38,UA,1701926143
536,betio village,1.358,172.9211,300.59,83,100,6.2,KI,1701926145
537,kaiyuan,23.6977,103.3037,288.13,57,100,1.17,CN,1701926145
538,san patricio,28.017,-97.5169,292.07,80,100,3.22,US,1701926145
539,beloyarskiy,63.7119,66.6722,236.48,97,29,1.34,RU,1701926146
540,al wajh,26.2455,36.4525,294.12,52,0,2.57,SA,1701926146
541,ondangwa,-17.9167,15.95,297.63,55,19,1.67,NA,1701926146
542,belyy yar,53.6039,91.3903,259.09,72,40,4.0,RU,1701926146
543,uglegorsk,49.0833,142.0333,277.92,90,100,5.88,RU,1701925853
544,palikir - national government center,6.9248,158.1611,301.56,74,100,4.12,FM,1701926147
545,upata,8.0086,-62.3989,295.48,97,85,3.42,VE,1701926147
546,tagiura,32.8817,13.3506,290.08,60,52,4.27,LY,1701926147
547,cholpon-ata,42.6494,77.0823,280.18,63,71,0.49,KG,1701926149
548,dwarka,22.2394,68.9678,297.8,55,0,6.66,IN,1701926149
549,nasiriyah,31.0521,46.261,291.99,26,86,3.76,IQ,1701926149
550,ola,59.5833,151.2833,261.53,94,100,10.28,RU,1701926149
551,bereznik,62.8551,42.7072,249.29,98,51,1.49,RU,1701926150
552,santa cruz,-17.8,-63.1667,297.85,88,20,2.06,BO,1701926150
553,tabou,4.423,-7.3528,298.81,84,17,1.64,CI,1701926150
554,nokha,27.6,73.4167,293.4,25,0,2.03,IN,1701926150
555,kataba,13.9833,44.3833,288.2,31,26,1.08,YE,1701926150
556,cidreira,-30.1811,-50.2056,295.92,94,100,3.6,BR,1701925880
557,daru,-9.0763,143.2092,302.09,69,100,4.05,PG,1701926151
558,fendou,46.65,124.8667,263.01,56,3,3.38,CN,1701926151
559,adrar,20.5022,-10.0711,290.19,14,100,3.55,MR,1701926151
560,khorugh,37.4897,71.553,270.96,53,1,0.37,TJ,1701926152
561,alesund,62.4723,6.1549,275.56,70,20,6.17,NO,1701926059
562,pueblo,38.2545,-104.6091,286.4,27,0,3.14,US,1701926152
563,xiahu,26.6106,119.9483,290.35,56,0,0.81,CN,1701926152
564,karbala,32.616,44.0249,291.08,44,14,2.25,IQ,1701926153
565,ar rahad,12.7167,30.65,293.3,22,49,3.12,SD,1701926153
566,nikolayevsk-on-amure,53.1406,140.73,270.12,96,100,0.81,RU,1701926153
567,korla,41.7597,86.1469,277.17,37,65,2.63,CN,1701926154
